{
	"format_version": "1.8.0",
	"animations": {
		"break": {
			"loop": "hold_on_last_frame",
			"animation_length": 3.0417,
			"override_previous_animation": true,
			"bones": {
				"bone7": {
					"relative_to": {
						"rotation": "entity"
					},
					"rotation": {
						"0.0": [0, 0, 0.01],
						"0.0417": [-6.56407, 0, 0],
						"0.0833": [-12.5, 0, 0],
						"0.125": [-15.78748, 0, 0],
						"0.1667": [-23.75762, 0, 0],
						"0.2083": [-34.39278, 0, 0],
						"0.2917": [-58.10539, 0, 0],
						"0.3333": [-68.74085, 0, 0],
						"0.375": [-76.71156, 0, 0],
						"0.4167": [-80, 0, 0]
					},
					"position": {
						"0.0": [0, 0, 0],
						"0.0833": [0, 0, -15],
						"0.125": [0.24352, -0.87666, -16.4611],
						"0.1667": [0.8339, -3.00203, -20.00339],
						"0.2083": [1.62169, -5.83807, -24.73012],
						"0.2917": [3.37818, -12.16144, -35.26906],
						"0.3333": [4.16599, -14.99756, -39.99593],
						"0.375": [4.75641, -17.12308, -43.53847],
						"0.4167": [5, -18, -45]
					}
				},
				"bone3": {
					"rotation": {
						"0.0": [0, 0, 0],
						"0.0833": [-15, 0, 0],
						"0.4167": [89.99999, -7.5, 169.99999]
					},
					"position": {
						"0.0": [0, 0, 0],
						"0.0833": [14, 0, 0],
						"0.4167": [43, -18, -2]
					}
				},
				"bone4": {
					"rotation": {
						"0.0": [0, 0, 0],
						"0.0833": [-7.5, 0, 0],
						"0.4167": [90, 15, -167.5]
					},
					"position": {
						"0.0": [0, 0, 0],
						"0.0833": [-8, 0, 0],
						"0.4167": [-41, -16, -5]
					}
				},
				"bone5": {
					"rotation": {
						"0.0": [0, 0, 0],
						"0.0833": [-12.5, 0, 0],
						"0.4167": [-79.91547, -7.38542, -1.30962]
					},
					"position": {
						"0.0": [0, 0, 0],
						"0.0833": [0, 0, 11],
						"0.4167": [0, -18, 42]
					}
				},
				"engine2": {
					"rotation": {
						"0.0": [0, 0, 0],
						"0.0833": [90, 15, -105],
						"0.4583": [55, 87.5, -105]
					},
					"position": {
						"0.0": [0, 0, 0],
						"0.0833": [0, 32, 0],
						"0.2083": [-6.67, 29, -9],
						"0.4583": [-20, -7, -27]
					}
				},
				"engine3": {
					"rotation": {
						"0.0": [0, 0, 0],
						"0.0833": [-190, -185, -162.5],
						"0.4583": [-188.50573, -172.73455, -95.97872]
					},
					"position": {
						"0.0": [0, 0, 0],
						"0.0833": [0, 38, 0],
						"0.2083": [8, 32.64, -5.82],
						"0.4583": [22, -7, -16]
					}
				},
				"engine4": {
					"rotation": {
						"0.0": [0, 0, 0],
						"0.0833": [-90, -12.5, -82.5],
						"0.4583": [-125, -82.5, -82.5]
					},
					"position": {
						"0.0": [0, 0, 0],
						"0.0833": [0, 34, 0],
						"0.2083": [5.33, 31, 7.33],
						"0.4583": [16, -8, 22]
					}
				},
				"engine5": {
					"rotation": {
						"0.0": [0, 0, 0],
						"0.0833": [-12.2127, -2.68507, -12.2127],
						"0.4583": [-41.64871, 4.23557, -81.37981]
					},
					"position": {
						"0.0": [0, 0, 0],
						"0.0833": [0, 39, 0],
						"0.4583": [-32, -6, 27]
					}
				},
				"fires": {
					"scale": [1, 0, 1]
				},
				"top": {
					"rotation": {
						"0.0": [0, 0, 0],
						"0.25": [52.5, 0, 47.5],
						"0.7083": [161.55546, 13.50073, -22.00587]
					},
					"position": {
						"0.0": [0, 0, 0],
						"0.125": [3.5, 77.5, -15.5],
						"0.25": [7, 115, -43],
						"0.375": [16.59, 110.4, -71.04],
						"0.5417": [33.8, 61.2, -95.52],
						"0.5833": [35.19494, 53.56027, -96.85655],
						"0.6667": [49.60559, -25.36317, -110.66396],
						"0.7083": [51, -33, -112],
						"1.25": [51, -33.22149, -112],
						"1.7917": [51, -33.46269, -112],
						"2.3333": [51, -33.70473, -112],
						"2.875": [51, -33.94001, -112],
						"3.0417": [51, -34, -112]
					}
				}
			}
		},
		"landing": {
			"loop": "hold_on_last_frame",
			"animation_length": 0.25,
			"override_previous_animation": true,
			"start_delay": 0,
			"bones": {
				"fire3": {
					"scale": 1
				},
				"fires": {
					"position": [0, -14, 0],
					"scale": {
						"0.0": [1, 0, 1],
						"0.0417": [1, 0.0599, 1],
						"0.0833": [1, 0.23844, 1],
						"0.1667": [1, 0.76156, 1],
						"0.2083": [1, 0.9401, 1],
						"0.25": [1, 1, 1]
					}
				}
			}
		}
	}
}